{"epoch": 43, "train_acc": 0.9871436556735607, "test_acc": 0.807720861172977}