{"epoch": [0, 1, 2, 3, 4, 5, 6, 7, 8, 9, 10, 11, 12, 13, 14, 15, 16, 17, 18, 19, 20, 21, 22, 23, 24, 25, 26, 27, 28, 29, 30, 31, 32, 33, 34, 35, 36, 37, 38, 39, 40, 41, 42, 43, 44, 45, 46, 47, 48, 49], "train_loss": [1.2724765507628937, 0.9258266205736128, 0.7504634685149423, 0.6594338171948972, 0.5774509634455423, 0.48506756553619695, 0.4417903314805995, 0.4039535168631241, 0.3631103109920271, 0.32877706646508337, 0.30180920578590736, 0.24628619264685644, 0.26033176103017175, 0.2133563941409518, 0.22293395074148606, 0.2189177633864444, 0.23690935279407024, 0.15260532815984582, 0.14484957695418238, 0.17978921587326815, 0.15305181863336495, 0.12502444487322592, 0.1411882375905095, 0.1456861508660017, 0.12134637333104258, 0.10085646084953848, 0.1335731437462756, 0.10420350127376078, 0.08944145162625074, 0.09566267734025252, 0.09683878373445602, 0.07458278847133311, 0.0842077882930245, 0.0918633851904831, 0.10930112730111292, 0.08077222077467154, 0.1265806600795748, 0.07346102974708316, 0.10197997585671983, 0.09624154724872032, 0.08136002786939252, 0.07840194532313514, 0.07881529735117035, 0.0403120020583712, 0.03825539718717837, 0.043027634523498, 0.07823697942980112, 0.11830145482668691, 0.07446989671814613, 0.06280836030693462], "train_acc": [0.5675423886715111, 0.6825041922861934, 0.7467859139183901, 0.7736165455561766, 0.800633501024781, 0.8360350288801938, 0.8462828395751817, 0.8559716787777156, 0.8766536239985094, 0.8870877585243152, 0.8986398360350288, 0.9114961803614682, 0.9141047139929197, 0.926961058319359, 0.9196944289174586, 0.9297559157816284, 0.9161542761319172, 0.9468977082168809, 0.9491335941866965, 0.9383268119992547, 0.9482019750326067, 0.9610583193590461, 0.9549096329420533, 0.9502515371716043, 0.9586361095584125, 0.9644121483137693, 0.9543506614495995, 0.9651574436370411, 0.970933482392398, 0.9698155394074902, 0.970560834730762, 0.9750326066703932, 0.9716787777156698, 0.9700018632383082, 0.9627352338364077, 0.9746599590087572, 0.9593814048816843, 0.9744736351779393, 0.9668343581144029, 0.9668343581144029, 0.9718651015464878, 0.9741009875163034, 0.9754052543320291, 0.9871436556735607, 0.9880752748276505, 0.985653065027017, 0.9722377492081237, 0.9619899385131359, 0.975591578162847, 0.9789454071175704], "train_precision": [], "train_recall": [], "train_f1": [], "test_loss": [1.8989899532832122, 1.617856876887298, 1.1400587082617177, 0.8441228057688577, 1.0190787174653901, 0.7795634075899698, 0.7965861127919945, 1.0471146097869986, 0.9178952565437436, 0.9254841266425344, 0.8220861543968331, 0.8279934255122784, 0.8602857414491989, 0.9229270194580401, 0.9846410124763879, 1.1192479751556117, 1.1432667014195288, 0.7605472320017322, 1.3758903344472249, 1.042819233407953, 0.8766692937880688, 1.33161940562256, 0.9503084516516419, 0.8167331841758383, 0.9867566349600188, 1.2297888210993302, 1.0101147235634598, 0.8823195819776857, 0.9325898890151921, 0.8215413886525494, 0.9541724976912728, 1.3878368506541319, 0.9721073700307296, 1.3109925991531293, 1.1631257848201546, 1.5434563433628394, 0.9745098760416531, 0.9164539282642299, 1.0310526931383208, 0.9869419576153546, 1.0803980495457128, 1.2390193538304692, 0.9418583514518709, 0.8323436357528967, 1.0609535887759973, 0.9687313564459129, 1.5273876413205154, 1.258457182421893, 0.9979381980768557, 0.99439641185044], "test_acc": [0.4179658500371195, 0.5241276911655531, 0.643652561247216, 0.7097253155159614, 0.6711210096510765, 0.7453600593912398, 0.7461024498886414, 0.6911655530809205, 0.734966592427617, 0.7312546399406088, 0.7505567928730512, 0.77728285077951, 0.7654046028210839, 0.7535263548626577, 0.7639198218262806, 0.726800296956199, 0.6933927245731255, 0.7951002227171492, 0.7097253155159614, 0.7557535263548627, 0.7876763177431328, 0.7193763919821826, 0.7594654788418709, 0.791388270230141, 0.7839643652561247, 0.734966592427617, 0.77728285077951, 0.7988121752041574, 0.7802524127691166, 0.7980697847067557, 0.7809948032665182, 0.7401633259094283, 0.7958426132145509, 0.7438752783964365, 0.7609502598366741, 0.7171492204899778, 0.7787676317743133, 0.7884187082405345, 0.7691165553080921, 0.7661469933184856, 0.771343726800297, 0.7512991833704529, 0.7832219747587231, 0.807720861172977, 0.8017817371937639, 0.7965850037119525, 0.7104677060133631, 0.749072011878248, 0.7847067557535263, 0.799554565701559], "test_precision": [], "test_recall": [], "test_f1": []}